{
  "w": 0.2291894447592552,
  "r": -0.0056247342794030816,
  "Y": 0.09749513394762252,
  "K": 0.10675538356671072,
  "A": 0.10290110167086455,
  "TFP": 0.1747237252991219,
  "ExtFin_Y": 0.23667881252360112,
  "Entre_share": 0.0003051557411885025,
  "distortions": false,
  "lambda": 1.35
}