{
  "w": 0.5344212159245861,
  "r": -0.04805063785380069,
  "Y": 0.8846160886847669,
  "K": 1.5162948989452483,
  "L": 0.8761390487291587,
  "A": 1.5221062546161295,
  "TFP": 0.8511226391908367,
  "extfin": 0.3819062923819784,
  "ExtFin_Y": 0.4317198129979645,
  "share_entre": 0.12375239938955164
}