{
  "w": 1.313997143612763,
  "r": -0.042942856147762457,
  "Y": 2.372170460224736,
  "K": 6.017400389428771,
  "L": 0.9555498889021764,
  "A": 6.018513213699199,
  "TFP": 1.5221497530095955,
  "extfin": 1.3667402093484786,
  "ExtFin_Y": 0.5761559855268561,
  "share_entre": 0.04466415646580242,
  "avg_z_entrep": 2.6477155486302824,
  "wealth_top5_share": 0.5295717221500711
}