{
  "w": 0.175491228929121,
  "r": -0.012640266171714968,
  "Y": 0.2239095139340398,
  "K": 0.45985807073911644,
  "A": 0.5502641544774497,
  "TFP": 0.2747484956076359,
  "ExtFin_Y": 0.47956555625417757,
  "Entre_share": 0.003945715779977592,
  "distortions": true,
  "lambda": 1.35
}