{
  "w": 0.6065529324944898,
  "r": -0.05165583858301584,
  "Y": 1.0079555986370314,
  "K": 1.6705191177681646,
  "L": 0.8795784667374059,
  "A": 1.6821745419708374,
  "TFP": 0.9435919638031174,
  "extfin": 0.4284074991636295,
  "ExtFin_Y": 0.4250261616116095,
  "share_entre": 0.12021008074704702,
  "avg_z_entrep": 1.6706321929583248,
  "wealth_top5_share": 0.29172718284818105
}