{
  "w": 1.2387065675013011,
  "r": -0.04287462348128157,
  "Y": 2.28003103107136,
  "K": 5.865861818030252,
  "L": 0.9742585180447128,
  "A": 5.8655145722980535,
  "TFP": 1.4567051316059794,
  "extfin": 1.323608328432874,
  "ExtFin_Y": 0.5805220676364768,
  "share_entre": 0.024640013702523587,
  "avg_z_entrep": 2.7752381945977205,
  "wealth_top5_share": 0.5272557092731174
}